,Unnamed: 0,name,product_id,categories,image_url,url,brand,price,compare_at_price
0,0,Red Fish Top Maxi Dress,7418319601757,'DRESSES',https://farmrio.com/cdn/shop/files/321137_01_e8778634-fd57-47d5-b6a8-6fa2d8fd99cf.jpg?v=1713475181&width=400,https://farmrio.com/cdn/shop/files/321137_01_e8778634-fd57-47d5-b6a8-6fa2d8fd99cf.jpg?v=1713475181&width=400,FARM Rio,"Rs.80,300.00","Rs.80,300.00"
6,6,Red Ainika Shell LENZING™ ECOVERO™ Euroflax™ Midi Dress,7418361577565,'DRESSES',https://farmrio.com/cdn/shop/files/321535_01_9fda876a-4603-45c1-8ad3-17f716279a1b.jpg?v=1713477084&width=400,https://farmrio.com/cdn/shop/files/321535_01_9fda876a-4603-45c1-8ad3-17f716279a1b.jpg?v=1713477084&width=400,FARM Rio,"Rs.71,100.00","Rs.71,100.00"
12,12,White Ainika Shell LENZING™ ECOVERO™ Euroflax™ Maxi Dress,7418292338781,'DRESSES',https://farmrio.com/cdn/shop/files/321720_01_18c98953-a9c3-42d2-a23a-7d55d5c8f5e5.jpg?v=1713473951&width=400,https://farmrio.com/cdn/shop/files/321720_01_18c98953-a9c3-42d2-a23a-7d55d5c8f5e5.jpg?v=1713473951&width=400,FARM Rio,"Rs.71,100.00","Rs.71,100.00"
18,18,White Ainika Shell Euroflax™ Premium Linen Mini Dress,7418279034973,'DRESSES',https://farmrio.com/cdn/shop/files/321328_02.jpg?v=1713851125&width=400,https://farmrio.com/cdn/shop/files/321328_02.jpg?v=1713851125&width=400,FARM Rio,"Rs.54,500.00","Rs.54,500.00"
24,24,Green Monstera Corset Eyelet Maxi Dress,7418253836381,'DRESSES',https://farmrio.com/cdn/shop/files/321883_01.jpg?v=1713486372&width=400,https://farmrio.com/cdn/shop/files/321883_01.jpg?v=1713486372&width=400,FARM Rio,"Rs.94,700.00","Rs.94,700.00"
30,30,Off-White Flower Richelieu Euroflax™ Premium Linen Midi Dress,7418300366941,'DRESSES',https://farmrio.com/cdn/shop/files/322425_01.jpg?v=1713474324&width=400,https://farmrio.com/cdn/shop/files/322425_01.jpg?v=1713474324&width=400,FARM Rio,"Rs.114,100.00","Rs.114,100.00"
36,36,Blue Summer Foliage Scarf Organic Cotton Mini Dress,7418243579997,'DRESSES',https://farmrio.com/cdn/shop/files/321340_01.jpg?v=1713484846&width=400,https://farmrio.com/cdn/shop/files/321340_01.jpg?v=1713484846&width=400,FARM Rio,"Rs.56,800.00","Rs.56,800.00"
42,42,Green Tropicart Sleeveless Midi Dress,7418281361501,'DRESSES',https://farmrio.com/cdn/shop/files/321790_01.jpg?v=1713473451&width=400,https://farmrio.com/cdn/shop/files/321790_01.jpg?v=1713473451&width=400,FARM Rio,"Rs.74,600.00","Rs.74,600.00"
48,48,Blue Anthurium Garden Organic Cotton Mini T-Shirt Dress,7418339328093,'DRESSES',https://farmrio.com/cdn/shop/files/331176_01_56189456-bed2-40d3-a12d-a86f61e53299.jpg?v=1713476027&width=400,https://farmrio.com/cdn/shop/files/331176_01_56189456-bed2-40d3-a12d-a86f61e53299.jpg?v=1713476027&width=400,FARM Rio,"Rs.40,200.00","Rs.40,200.00"
54,54,Off-White Mantas Organic Cotton Maxi Dress,7418306330717,'DRESSES',https://farmrio.com/cdn/shop/files/326179_01.jpg?v=1713851620&width=400,https://farmrio.com/cdn/shop/files/326179_01.jpg?v=1713851620&width=400,FARM Rio,"Rs.60,300.00","Rs.60,300.00"
60,60,Pink Delicate Fruit Garden Mini Dress,7418311868509,'DRESSES',https://farmrio.com/cdn/shop/files/321335_01.jpg?v=1713850869&width=400,https://farmrio.com/cdn/shop/files/321335_01.jpg?v=1713850869&width=400,FARM Rio,"Rs.66,000.00","Rs.66,000.00"
66,66,Foliage Mix Mini Dress,7417851707485,'DRESSES',https://farmrio.com/cdn/shop/files/331385_01.jpg?v=1713851368&width=400,https://farmrio.com/cdn/shop/files/331385_01.jpg?v=1713851368&width=400,FARM Rio,"Rs.56,800.00","Rs.56,800.00"
72,72,Yellow Delicate Fruit Garden Organic Cotton Mini Dress,7418270318685,'DRESSES',https://farmrio.com/cdn/shop/files/321336_01.jpg?v=1713483023&width=400,https://farmrio.com/cdn/shop/files/321336_01.jpg?v=1713483023&width=400,FARM Rio,"Rs.66,000.00","Rs.66,000.00"
78,78,Yellow Delicate Fruit Garden Smocked Maxi Dress,7418268909661,'DRESSES',https://farmrio.com/cdn/shop/files/321903_02.jpg?v=1713851728&width=400,https://farmrio.com/cdn/shop/files/321903_02.jpg?v=1713851728&width=400,FARM Rio,"Rs.85,500.00","Rs.85,500.00"
84,84,Orange Fresh Macaws Midi Dress,7418309476445,'DRESSES',https://farmrio.com/cdn/shop/files/321361_03.jpg?v=1713474685&width=400,https://farmrio.com/cdn/shop/files/321361_03.jpg?v=1713474685&width=400,FARM Rio,"Rs.83,200.00","Rs.83,200.00"
90,90,Bicolor Sleeveless Organic Cotton Midi Dress,7418283950173,'DRESSES',https://farmrio.com/cdn/shop/files/327016_01.jpg?v=1713473570&width=400,https://farmrio.com/cdn/shop/files/327016_01.jpg?v=1713473570&width=400,FARM Rio,"Rs.80,300.00","Rs.80,300.00"
96,96,Red Summer Foliage Mini Dress,7418306035805,'DRESSES',https://farmrio.com/cdn/shop/files/321315_01_ed630f58-09e3-4d30-9547-216bb08d393a.jpg?v=1713474520&width=400,https://farmrio.com/cdn/shop/files/321315_01_ed630f58-09e3-4d30-9547-216bb08d393a.jpg?v=1713474520&width=400,FARM Rio,"Rs.54,500.00","Rs.54,500.00"
102,102,Red Summer Foliage Organic Cotton Mini T-Shirt Dress,7418307280989,'DRESSES',https://farmrio.com/cdn/shop/files/321550_01.jpg?v=1713851437&width=400,https://farmrio.com/cdn/shop/files/321550_01.jpg?v=1713851437&width=400,FARM Rio,"Rs.40,200.00","Rs.40,200.00"
108,108,Summer Mix Mini Dress,7418291093597,'DRESSES',https://farmrio.com/cdn/shop/files/321474_01.jpg?v=1713473899&width=400,https://farmrio.com/cdn/shop/files/321474_01.jpg?v=1713473899&width=400,FARM Rio,"Rs.54,500.00","Rs.54,500.00"
114,114,Stamp Mix Long Sleeve Maxi Dress,7418178240605,'DRESSES',https://farmrio.com/cdn/shop/files/321904_01_3fb68d94-30d8-4ea8-852e-15aa5079f5d6.jpg?v=1713488178&width=400,https://farmrio.com/cdn/shop/files/321904_01_3fb68d94-30d8-4ea8-852e-15aa5079f5d6.jpg?v=1713488178&width=400,FARM Rio,"Rs.83,200.00","Rs.83,200.00"
120,120,Off-White Tropical Destination Midi Dress,7418251444317,'DRESSES',https://farmrio.com/cdn/shop/files/321375_01.jpg?v=1713489964&width=400,https://farmrio.com/cdn/shop/files/321375_01.jpg?v=1713489964&width=400,FARM Rio,"Rs.74,600.00","Rs.74,600.00"
126,126,Off-White Tropical Destination Kimono Sleeve Midi Dress,7418197049437,'DRESSES',https://farmrio.com/cdn/shop/files/321424_01_87c41242-fe3b-4be7-9ecb-c540c09d37b4.jpg?v=1713486349&width=400,https://farmrio.com/cdn/shop/files/321424_01_87c41242-fe3b-4be7-9ecb-c540c09d37b4.jpg?v=1713486349&width=400,FARM Rio,"Rs.91,800.00","Rs.91,800.00"
132,132,Red Jaipur Crossover Maxi Dress,7418250920029,'DRESSES',https://farmrio.com/cdn/shop/files/321142_01.jpg?v=1713851830&width=400,https://farmrio.com/cdn/shop/files/321142_01.jpg?v=1713851830&width=400,FARM Rio,"Rs.77,500.00","Rs.77,500.00"
138,138,Red Humming Bird Richelieu Maxi Dress,7418190364765,'DRESSES',https://farmrio.com/cdn/shop/files/331219_01.jpg?v=1713851876&width=400,https://farmrio.com/cdn/shop/files/331219_01.jpg?v=1713851876&width=400,FARM Rio,"Rs.99,800.00","Rs.99,800.00"
288,288,Papaya Salad Scarf Sleeveless Maxi Dress,7418149699677,'DRESSES',https://farmrio.com/cdn/shop/files/327015_02.jpg?v=1713851992&width=400,https://farmrio.com/cdn/shop/files/327015_02.jpg?v=1713851992&width=400,FARM Rio,"Rs.85,500.00","Rs.85,500.00"
294,294,Papaya Salad Scarf Mini Dress,7418285523037,'DRESSES',https://farmrio.com/cdn/shop/files/331384_02_3b064a73-bde2-42ca-8d78-8c4721494adb.jpg?v=1713851490&width=400,https://farmrio.com/cdn/shop/files/331384_02_3b064a73-bde2-42ca-8d78-8c4721494adb.jpg?v=1713851490&width=400,FARM Rio,"Rs.54,500.00","Rs.54,500.00"
300,300,Off-White Papaya Salad Scarf LENZING™ ECOVERO™ Euroflax™ Maxi Dress,7418253770845,'DRESSES',https://farmrio.com/cdn/shop/files/321383_01_3e155d52-af34-424c-9176-201efdbaa3f7.jpg?v=1713484335&width=400,https://farmrio.com/cdn/shop/files/321383_01_3e155d52-af34-424c-9176-201efdbaa3f7.jpg?v=1713484335&width=400,FARM Rio,"Rs.80,300.00","Rs.80,300.00"
306,306,Green Sweet Garden Maxi Dress,7253501345885,'DRESSES',https://farmrio.com/cdn/shop/products/327193_00.jpg?v=1705102602&width=400,https://farmrio.com/cdn/shop/products/327193_00.jpg?v=1705102602&width=400,FARM Rio,"Rs.76,000.00","Rs.76,000.00"
312,312,Forest Soul Off-White Maxi Dress,7253495939165,'DRESSES',https://farmrio.com/cdn/shop/products/321023_02.jpg?v=1706714951&width=400,https://farmrio.com/cdn/shop/products/321023_02.jpg?v=1706714951&width=400,FARM Rio,"Rs.90,400.00","Rs.90,400.00"
318,318,Lilac Guipure Cut-Out Midi Dress,7268809343069,'DRESSES',https://farmrio.com/cdn/shop/files/318236_02.jpg?v=1711472256&width=400,https://farmrio.com/cdn/shop/files/318236_02.jpg?v=1711472256&width=400,FARM Rio,"Rs.103,300.00","Rs.103,300.00"
324,324,Yellow Ainika Tapestry One Shoulder Maxi Dress,7268820942941,'DRESSES',https://farmrio.com/cdn/shop/files/317657_02.jpg?v=1711462570&width=400,https://farmrio.com/cdn/shop/files/317657_02.jpg?v=1711462570&width=400,FARM Rio,"Rs.81,800.00","Rs.81,800.00"
330,330,Off-White Aura Floral Mini Dress,7268813930589,'DRESSES',https://farmrio.com/cdn/shop/files/317822_01.jpg?v=1711472269&width=400,https://farmrio.com/cdn/shop/files/317822_01.jpg?v=1711472269&width=400,FARM Rio,"Rs.53,100.00","Rs.53,100.00"
336,336,Off-White Aura Floral Midi Dress,7268906434653,'DRESSES',https://farmrio.com/cdn/shop/products/317830_01_7e41b2cb-7031-4d33-a147-3c7d8e828913.jpg?v=1707520558&width=400,https://farmrio.com/cdn/shop/products/317830_01_7e41b2cb-7031-4d33-a147-3c7d8e828913.jpg?v=1707520558&width=400,FARM Rio,"Rs.67,400.00","Rs.67,400.00"
342,342,Pink Floral Details Sleeveless Midi Dress,7268800462941,'DRESSES',https://farmrio.com/cdn/shop/files/327754_01.jpg?v=1711472216&width=400,https://farmrio.com/cdn/shop/files/327754_01.jpg?v=1711472216&width=400,FARM Rio,"Rs.78,900.00","Rs.78,900.00"
348,348,Off-White Flowerful Birds Maxi Dress,7268865802333,'Dresses',https://farmrio.com/cdn/shop/files/318954_02.jpg?v=1711558530&width=400,https://farmrio.com/cdn/shop/files/318954_02.jpg?v=1711558530&width=400,FARM Rio,"Rs.76,000.00","Rs.76,000.00"
354,354,Multicolor Mixed Scarves Lenzing™ Ecovero™ Viscose Midi Dress,7268829790301,'DRESSES',https://farmrio.com/cdn/shop/files/318261_01.jpg?v=1711472212&width=400,https://farmrio.com/cdn/shop/files/318261_01.jpg?v=1711472212&width=400,FARM Rio,"Rs.63,100.00","Rs.63,100.00"
360,360,Orange Fruit Garden Scarf Midi Dress,7268851482717,'DRESSES',https://farmrio.com/cdn/shop/files/317838_02_01e3ffe0-7054-42a2-af88-b024de8d998f.jpg?v=1710470991&width=400,https://farmrio.com/cdn/shop/files/317838_02_01e3ffe0-7054-42a2-af88-b024de8d998f.jpg?v=1710470991&width=400,FARM Rio,"Rs.70,300.00","Rs.70,300.00"
366,366,Orange Guipure Sleeveless Maxi Dress,7268815339613,'DRESSES',https://farmrio.com/cdn/shop/products/318233_01_e5f2494f-8e6d-47d5-893a-a3a1ca79596c.jpg?v=1706874194&width=400,https://farmrio.com/cdn/shop/products/318233_01_e5f2494f-8e6d-47d5-893a-a3a1ca79596c.jpg?v=1706874194&width=400,FARM Rio,"Rs.99,000.00","Rs.99,000.00"
372,372,Orange Gradient Stripes Maxi Dress,7268907778141,'DRESSES',https://farmrio.com/cdn/shop/files/317643_01.jpg?v=1711414516&width=400,https://farmrio.com/cdn/shop/files/317643_01.jpg?v=1711414516&width=400,FARM Rio,"Rs.84,600.00","Rs.84,600.00"
376,376,Yellow Floral Yard Lenzing™ Ecovero™ Euroflax™ Midi Dress,7268932255837,'DRESSES',https://farmrio.com/cdn/shop/files/322692_01.jpg?v=1710200901&width=400,https://farmrio.com/cdn/shop/files/322692_01.jpg?v=1710200901&width=400,FARM Rio,"Rs.81,800.00","Rs.81,800.00"
382,382,Yellow Floral Yard Lenzing™ Ecovero™ Euroflax™ Maxi Dress,7268784668765,'DRESSES',https://farmrio.com/cdn/shop/files/317915_01.jpg?v=1711406041&width=400,https://farmrio.com/cdn/shop/files/317915_01.jpg?v=1711406041&width=400,FARM Rio,"Rs.81,800.00","Rs.81,800.00"
388,388,Off-White Flora Tapestry Lenzing™ Ecovero™ Euroflax™ Maxi Dress,7268817272925,'DRESSES',https://farmrio.com/cdn/shop/products/317919_01_d9da014c-7af0-4740-8fde-91cd00a43ab2.jpg?v=1706871205&width=400,https://farmrio.com/cdn/shop/products/317919_01_d9da014c-7af0-4740-8fde-91cd00a43ab2.jpg?v=1706871205&width=400,FARM Rio,"Rs.90,400.00","Rs.90,400.00"
394,394,Off-White Floral Birds Euroflax™ Mini Dress,7268852367453,'DRESSES',https://farmrio.com/cdn/shop/files/331539_02.jpg?v=1711402696&width=400,https://farmrio.com/cdn/shop/files/331539_02.jpg?v=1711402696&width=400,FARM Rio,"Rs.53,100.00","Rs.53,100.00"
400,400,Blue Tile Dream Sleeveless Maxi Dress,7253501018205,'DRESSES',https://farmrio.com/cdn/shop/products/318226_01.jpg?v=1705107589&width=400,https://farmrio.com/cdn/shop/products/318226_01.jpg?v=1705107589&width=400,FARM Rio,"Rs.70,300.00","Rs.70,300.00"
406,406,Blue Tile Dream Short Sleeve Mini Dress,7268830904413,'DRESSES',https://farmrio.com/cdn/shop/products/318227_01_db2de2f8-46de-4524-83cc-f3aead00e50c.jpg?v=1708989762&width=400,https://farmrio.com/cdn/shop/products/318227_01_db2de2f8-46de-4524-83cc-f3aead00e50c.jpg?v=1708989762&width=400,FARM Rio,"Rs.60,300.00","Rs.60,300.00"
412,412,Blue Wonderful Bouquet Mini Dress,7253495611485,'DRESSES',https://farmrio.com/cdn/shop/files/318676_01.jpg?v=1707978865&width=400,https://farmrio.com/cdn/shop/files/318676_01.jpg?v=1707978865&width=400,FARM Rio,"Rs.60,300.00","Rs.60,300.00"
418,418,Blue Wonderful Bouquet Sleeveless Maxi Dress,7253507670109,'DRESSES',https://farmrio.com/cdn/shop/products/322685_01.jpg?v=1705107130&width=400,https://farmrio.com/cdn/shop/products/322685_01.jpg?v=1705107130&width=400,FARM Rio,"Rs.81,800.00","Rs.81,800.00"
424,424,Beige Rose Shaped Bodice Sleeveless Maxi Dress,7268816945245,'DRESSES',https://farmrio.com/cdn/shop/files/318762_01.jpg?v=1712027093&width=400,https://farmrio.com/cdn/shop/files/318762_01.jpg?v=1712027093&width=400,FARM Rio,"Rs.96,100.00","Rs.96,100.00"
429,429,Off-White 3D Flower Maxi Dress,7268836573277,'DRESSES',https://farmrio.com/cdn/shop/files/318764_02.jpg?v=1712787096&width=400,https://farmrio.com/cdn/shop/files/318764_02.jpg?v=1712787096&width=400,FARM Rio,"Rs.113,300.00","Rs.113,300.00"
434,434,Off-White Fruits Richelieu Sleeveless Maxi Dress,7268840964189,'Baby & Toddler',https://farmrio.com/cdn/shop/products/318943_01_0c4e87a6-de9f-4a4f-8374-9d86b4188a5f.jpg?v=1707518616&width=400,https://farmrio.com/cdn/shop/products/318943_01_0c4e87a6-de9f-4a4f-8374-9d86b4188a5f.jpg?v=1707518616&width=400,FARM Rio,"Rs.88,900.00","Rs.88,900.00"
437,437,Off-White Tropical Fruits Midi Dress,7268798201949,'Baby & Toddler',https://farmrio.com/cdn/shop/products/321303_01_422c6bc3-013c-461c-8f2f-e05c6033f4d3.jpg?v=1706870904&width=400,https://farmrio.com/cdn/shop/products/321303_01_422c6bc3-013c-461c-8f2f-e05c6033f4d3.jpg?v=1706870904&width=400,FARM Rio,"Rs.99,000.00","Rs.99,000.00"
442,442,Off-White Embroidered Carmina Floral Short Sleeve Mini Dress,7268792991837,'DRESSES',https://farmrio.com/cdn/shop/files/318237_02_089efc51-43e4-4535-a32d-9f965a3b7a78.jpg?v=1710442337&width=400,https://farmrio.com/cdn/shop/files/318237_02_089efc51-43e4-4535-a32d-9f965a3b7a78.jpg?v=1710442337&width=400,FARM Rio,"Rs.93,200.00","Rs.93,200.00"
448,448,Off-White Tropical Romance Maxi Dress,7268866949213,'DRESSES',https://farmrio.com/cdn/shop/files/317789_02.jpg?v=1711414772&width=400,https://farmrio.com/cdn/shop/files/317789_02.jpg?v=1711414772&width=400,FARM Rio,"Rs.107,600.00","Rs.107,600.00"
454,454,Off-White Embroidered Maxi Dress,7268792696925,'DRESSES',https://farmrio.com/cdn/shop/products/317766_01_e1057e9a-c621-42bd-a782-82dbd925f15f.jpg?v=1706870376&width=400,https://farmrio.com/cdn/shop/products/317766_01_e1057e9a-c621-42bd-a782-82dbd925f15f.jpg?v=1706870376&width=400,FARM Rio,"Rs.107,600.00","Rs.107,600.00"
460,460,Aura Cream Floral Maxi Dress,7268813471837,'DRESSES',https://farmrio.com/cdn/shop/files/321021_01.jpg?v=1711414817&width=400,https://farmrio.com/cdn/shop/files/321021_01.jpg?v=1711414817&width=400,FARM Rio,"Rs.90,400.00","Rs.90,400.00"
466,466,Pink Banana Leaves Maxi Dress,7268860461149,'DRESSES',https://farmrio.com/cdn/shop/products/317920_01_82051ccb-bffb-4dae-a488-1a22954be8df.jpg?v=1707520058&width=400,https://farmrio.com/cdn/shop/products/317920_01_82051ccb-bffb-4dae-a488-1a22954be8df.jpg?v=1707520058&width=400,FARM Rio,"Rs.67,400.00","Rs.67,400.00"
472,472,Beige Fresh Bananas Maxi Dress,7268917968989,'DRESSES',https://farmrio.com/cdn/shop/products/318759_01_ede75ada-6fdd-446d-a22d-62786b6f4925.jpg?v=1707523284&width=400,https://farmrio.com/cdn/shop/products/318759_01_ede75ada-6fdd-446d-a22d-62786b6f4925.jpg?v=1707523284&width=400,FARM Rio,"Rs.113,300.00","Rs.113,300.00"
478,478,Pink Banana Leaves V Neck Mini Dress,7268819992669,'DRESSES',https://farmrio.com/cdn/shop/files/318546_01.jpg?v=1710471026&width=400,https://farmrio.com/cdn/shop/files/318546_01.jpg?v=1710471026&width=400,FARM Rio,"Rs.63,100.00","Rs.63,100.00"
484,484,Pink Banana Leaves Sleeveless Maxi Dress,7268886708317,'DRESSES',https://farmrio.com/cdn/shop/products/317654_01_4b06484b-555a-4fa6-85cb-31291a5fddbc.jpg?v=1707520106&width=400,https://farmrio.com/cdn/shop/products/317654_01_4b06484b-555a-4fa6-85cb-31291a5fddbc.jpg?v=1707520106&width=400,FARM Rio,"Rs.84,600.00","Rs.84,600.00"
490,490,Pink Beach Forest Lenzing™ Ecovero™ Viscose Maxi Dress,7268884021341,'DRESSES',https://farmrio.com/cdn/shop/products/322677_01_1cd5f717-81cd-460c-8e2f-bb80148f85a4.jpg?v=1707520201&width=400,https://farmrio.com/cdn/shop/products/322677_01_1cd5f717-81cd-460c-8e2f-bb80148f85a4.jpg?v=1707520201&width=400,FARM Rio,"Rs.81,800.00","Rs.81,800.00"
496,496,Beach Forest Pink Off The Shoulder Mini Dress,7268791091293,'DRESSES',https://farmrio.com/cdn/shop/products/318378_01_c60d3fd5-a22d-4f65-9f49-004502519032.jpg?v=1706872697&width=400,https://farmrio.com/cdn/shop/products/318378_01_c60d3fd5-a22d-4f65-9f49-004502519032.jpg?v=1706872697&width=400,FARM Rio,"Rs.63,100.00","Rs.63,100.00"
502,502,Lilac Sweet Garden Maxi Dress,7268856987741,'DRESSES',https://farmrio.com/cdn/shop/products/317872_01_41dc3a0c-336d-4f9f-b311-a5b1fb8def87.jpg?v=1707519483&width=400,https://farmrio.com/cdn/shop/products/317872_01_41dc3a0c-336d-4f9f-b311-a5b1fb8def87.jpg?v=1707519483&width=400,FARM Rio,"Rs.76,000.00","Rs.76,000.00"
506,506,Off-White Maia Sleeveless Midi Dress,7268817469533,'Dresses',https://farmrio.com/cdn/shop/files/317739_02.jpg?v=1711414574&width=400,https://farmrio.com/cdn/shop/files/317739_02.jpg?v=1711414574&width=400,FARM Rio,"Rs.84,600.00","Rs.84,600.00"
512,512,Red Pietra Floral Sleeveless Maxi Dress,7268822515805,'DRESSES',https://farmrio.com/cdn/shop/files/318765_02.jpg?v=1710470993&width=400,https://farmrio.com/cdn/shop/files/318765_02.jpg?v=1710470993&width=400,FARM Rio,"Rs.107,600.00","Rs.107,600.00"
518,518,Watercolor Floral Blue Maxi Dress,7253492826205,'DRESSES',https://farmrio.com/cdn/shop/products/317921_01.jpg?v=1705110223&width=400,https://farmrio.com/cdn/shop/products/317921_01.jpg?v=1705110223&width=400,FARM Rio,"Rs.90,400.00","Rs.90,400.00"
523,523,Cool Foliage Black Mini Dress,7253428797533,'DRESSES',https://farmrio.com/cdn/shop/files/317800_01_1.jpg?v=1706874477&width=400,https://farmrio.com/cdn/shop/files/317800_01_1.jpg?v=1706874477&width=400,FARM Rio,"Rs.53,100.00","Rs.53,100.00"
529,529,White Floral Details Lenzing™ Ecovero™ Euroflax™ Maxi Dress,7268827234397,'DRESSES',https://farmrio.com/cdn/shop/files/318224_01.jpg?v=1711666668&width=400,https://farmrio.com/cdn/shop/files/318224_01.jpg?v=1711666668&width=400,FARM Rio,"Rs.78,900.00","Rs.78,900.00"
535,535,White Richelieu Sleeveless Midi Dress,7268906041437,'DRESSES',https://farmrio.com/cdn/shop/products/318368_01_42f83817-0979-487b-b0ae-4304db7f35a8.jpg?v=1707523275&width=400,https://farmrio.com/cdn/shop/products/318368_01_42f83817-0979-487b-b0ae-4304db7f35a8.jpg?v=1707523275&width=400,FARM Rio,"Rs.96,100.00","Rs.96,100.00"
541,541,White Floral Sketch Midi Dress,7268863475805,'DRESSES',https://farmrio.com/cdn/shop/files/317832_02.jpg?v=1711414576&width=400,https://farmrio.com/cdn/shop/files/317832_02.jpg?v=1711414576&width=400,FARM Rio,"Rs.67,400.00","Rs.67,400.00"
547,547,Green Bright Yard Maxi Dress,7268790927453,'DRESSES',https://farmrio.com/cdn/shop/products/318673_01_5b18487a-b111-4089-ac63-16632a722ddb.jpg?v=1711464571&width=400,https://farmrio.com/cdn/shop/products/318673_01_5b18487a-b111-4089-ac63-16632a722ddb.jpg?v=1711464571&width=400,FARM Rio,"Rs.84,600.00","Rs.84,600.00"
553,553,Green Bright Yard Mini Dress,7268813144157,'DRESSES',https://farmrio.com/cdn/shop/products/317814_01_722e2d1c-a490-4bb6-9b69-d28b60b0240d.jpg?v=1711464566&width=400,https://farmrio.com/cdn/shop/products/317814_01_722e2d1c-a490-4bb6-9b69-d28b60b0240d.jpg?v=1711464566&width=400,FARM Rio,"Rs.60,300.00","Rs.60,300.00"
559,559,Yellow Biriba Sleeveless Midi Dress,7268888150109,'DRESSES',https://farmrio.com/cdn/shop/products/317656_01_d3ca7b42-8101-467e-bb61-4889d7a72825.jpg?v=1707518475&width=400,https://farmrio.com/cdn/shop/products/317656_01_d3ca7b42-8101-467e-bb61-4889d7a72825.jpg?v=1707518475&width=400,FARM Rio,"Rs.73,200.00","Rs.73,200.00"
565,565,Pink Fruits Queen Scarf Midi Dress,7268836507741,'DRESSES',https://farmrio.com/cdn/shop/products/323052_01_bdb1dc2d-5d61-42ba-a9b8-320727918bc4.jpg?v=1707523068&width=400,https://farmrio.com/cdn/shop/products/323052_01_bdb1dc2d-5d61-42ba-a9b8-320727918bc4.jpg?v=1707523068&width=400,FARM Rio,"Rs.84,600.00","Rs.84,600.00"
571,571,Pink Fruits Queen Scarf One Shoulder Maxi Dress,7268829659229,'DRESSES',https://farmrio.com/cdn/shop/files/318399_01.jpg?v=1711414686&width=400,https://farmrio.com/cdn/shop/files/318399_01.jpg?v=1711414686&width=400,FARM Rio,"Rs.84,600.00","Rs.84,600.00"
577,577,Lee Floral Sleeveless Maxi Dress,7268812652637,'DRESSES',https://farmrio.com/cdn/shop/products/318092_01_7e0c7b51-0f1f-42c4-a8df-07c8c5c7c265.jpg?v=1706872277&width=400,https://farmrio.com/cdn/shop/products/318092_01_7e0c7b51-0f1f-42c4-a8df-07c8c5c7c265.jpg?v=1706872277&width=400,FARM Rio,"Rs.84,600.00","Rs.84,600.00"
583,583,Aura Cream Lenzing™ Ecovero™ Euroflax™ Maxi Dress,7268814913629,'DRESSES',https://farmrio.com/cdn/shop/products/317877_01_0822ac9a-cf42-4644-90de-ae508d04b32a.jpg?v=1706873212&width=400,https://farmrio.com/cdn/shop/products/317877_01_0822ac9a-cf42-4644-90de-ae508d04b32a.jpg?v=1706873212&width=400,FARM Rio,"Rs.63,100.00","Rs.63,100.00"
589,589,Yellow Monstera Eyelet Short Sleeve Mini Dress,7268817207389,'DRESSES',https://farmrio.com/cdn/shop/files/327199_02.jpg?v=1711414541&width=400,https://farmrio.com/cdn/shop/files/327199_02.jpg?v=1711414541&width=400,FARM Rio,"Rs.81,800.00","Rs.81,800.00"
595,595,White Lace Sleeveless Midi Dress,7268795056221,'DRESSES',https://farmrio.com/cdn/shop/files/318035_01.jpg?v=1711414748&width=400,https://farmrio.com/cdn/shop/files/318035_01.jpg?v=1711414748&width=400,FARM Rio,"Rs.91,800.00","Rs.91,800.00"
601,601,Navy Blue Embroidered Cut-Out Midi Dress,7268810686557,'DRESSES',https://farmrio.com/cdn/shop/products/318364_01_7a3c8f46-e25b-4737-9f87-62df43b68f22.jpg?v=1706873801&width=400,https://farmrio.com/cdn/shop/products/318364_01_7a3c8f46-e25b-4737-9f87-62df43b68f22.jpg?v=1706873801&width=400,FARM Rio,"Rs.103,300.00","Rs.103,300.00"
607,607,Blue Tile Dream Maxi Dress,7268803903581,'DRESSES',https://farmrio.com/cdn/shop/products/317908_01_b746bf03-cbb7-4e0f-852b-ab9638a8520a.jpg?v=1706873022&width=400,https://farmrio.com/cdn/shop/products/317908_01_b746bf03-cbb7-4e0f-852b-ab9638a8520a.jpg?v=1706873022&width=400,FARM Rio,"Rs.78,900.00","Rs.78,900.00"
613,613,Off-White Flowerful Birds Long Sleeve Mini Dress,7268868292701,'DRESSES',https://farmrio.com/cdn/shop/products/317809_01_b18aec66-6678-4361-ae4c-4158c75c8769.jpg?v=1707523514&width=400,https://farmrio.com/cdn/shop/products/317809_01_b18aec66-6678-4361-ae4c-4158c75c8769.jpg?v=1707523514&width=400,FARM Rio,"Rs.60,300.00","Rs.60,300.00"
619,619,Navy Blue One Shoulder Leaf Lenzing™ Ecovero™ Euroflax™ Maxi Dress,7268799250525,'DRESSES',https://farmrio.com/cdn/shop/files/327752_01.jpg?v=1711414770&width=400,https://farmrio.com/cdn/shop/files/327752_01.jpg?v=1711414770&width=400,FARM Rio,"Rs.78,900.00","Rs.78,900.00"
625,625,Tropical Forest Off-White T-Shirt Dress,7253498822749,'DRESSES',https://farmrio.com/cdn/shop/products/322666_01.jpg?v=1705110448&width=400,https://farmrio.com/cdn/shop/products/322666_01.jpg?v=1705110448&width=400,FARM Rio,"Rs.38,800.00","Rs.38,800.00"
631,631,Tropical Forest Off-White Mini Dress,7253503377501,'DRESSES',https://farmrio.com/cdn/shop/files/317798_02.jpg?v=1706871033&width=400,https://farmrio.com/cdn/shop/files/317798_02.jpg?v=1706871033&width=400,FARM Rio,"Rs.53,100.00","Rs.53,100.00"
637,637,Forest Soul Mix Midi Dress,7253487091805,'DRESSES',https://farmrio.com/cdn/shop/products/317829_01.jpg?v=1705103938&width=400,https://farmrio.com/cdn/shop/products/317829_01.jpg?v=1705103938&width=400,FARM Rio,"Rs.70,300.00","Rs.70,300.00"
643,643,Off-White Painted Flowers Maxi Dress,7268798038109,'DRESSES',https://farmrio.com/cdn/shop/products/317746_02_b0e86dc2-f6a6-4806-9e34-ed4eda3d8365.jpg?v=1711373299&width=400,https://farmrio.com/cdn/shop/products/317746_02_b0e86dc2-f6a6-4806-9e34-ed4eda3d8365.jpg?v=1711373299&width=400,FARM Rio,"Rs.84,600.00","Rs.84,600.00"
649,649,Pink Cut-Out Organic Cotton Midi Dress,7268911972445,'DRESSES',https://farmrio.com/cdn/shop/products/318751_01_c45093bd-6092-40c5-9f20-59bdf10deaa0.jpg?v=1707519221&width=400,https://farmrio.com/cdn/shop/products/318751_01_c45093bd-6092-40c5-9f20-59bdf10deaa0.jpg?v=1707519221&width=400,FARM Rio,"Rs.76,000.00","Rs.76,000.00"
653,653,Off-White Romantic Orchard Short Sleeve Midi Dress,7268797775965,'DRESSES',https://farmrio.com/cdn/shop/files/317660_01_44632232-da6b-4025-aeb0-926d98ed2f08.jpg?v=1709855328&width=400,https://farmrio.com/cdn/shop/files/317660_01_44632232-da6b-4025-aeb0-926d98ed2f08.jpg?v=1709855328&width=400,FARM Rio,"Rs.90,400.00","Rs.90,400.00"
659,659,Off-White Romantic Orchard Mini Dress,7268790075485,'DRESSES',https://farmrio.com/cdn/shop/files/317805_02_0bb9ee55-cc49-4edb-b765-4c03bdc45c1f.jpg?v=1710442286&width=400,https://farmrio.com/cdn/shop/files/317805_02_0bb9ee55-cc49-4edb-b765-4c03bdc45c1f.jpg?v=1710442286&width=400,FARM Rio,"Rs.60,300.00","Rs.60,300.00"
665,665,Yellow Floral Yard Mini Dress,7268805279837,'DRESSES',https://farmrio.com/cdn/shop/products/317808_01_51a48de2-f0c5-4603-b31c-7943cc390046.jpg?v=1706872473&width=400,https://farmrio.com/cdn/shop/products/317808_01_51a48de2-f0c5-4603-b31c-7943cc390046.jpg?v=1706872473&width=400,FARM Rio,"Rs.57,400.00","Rs.57,400.00"
671,671,Sand Delicate Garden Maxi Dress,7268838047837,'DRESSES',https://farmrio.com/cdn/shop/files/317939_02.jpg?v=1709012401&width=400,https://farmrio.com/cdn/shop/files/317939_02.jpg?v=1709012401&width=400,FARM Rio,"Rs.90,400.00","Rs.90,400.00"
677,677,Red Richelieu Mini Dress,7268932026461,'DRESSES',https://farmrio.com/cdn/shop/products/318538_01_0ad464dd-1555-4a21-8946-7d906aa743e8.jpg?v=1707521261&width=400,https://farmrio.com/cdn/shop/products/318538_01_0ad464dd-1555-4a21-8946-7d906aa743e8.jpg?v=1707521261&width=400,FARM Rio,"Rs.81,800.00","Rs.81,800.00"
681,681,Flora Tapestry Red Long Sleeve Mini Dress,7253446557789,'DRESSES',https://farmrio.com/cdn/shop/products/317820_02.jpg?v=1705102969&width=400,https://farmrio.com/cdn/shop/products/317820_02.jpg?v=1705102969&width=400,FARM Rio,"Rs.60,300.00","Rs.60,300.00"
687,687,Green Cut-Out Sleeveless Midi Dress,7268897685597,'DRESSES',https://farmrio.com/cdn/shop/files/327750_01.jpg?v=1711414594&width=400,https://farmrio.com/cdn/shop/files/327750_01.jpg?v=1711414594&width=400,FARM Rio,"Rs.56,000.00","Rs.56,000.00"
692,692,Green  Macaw Scarf Lenzing™ Ecovero™ Viscose Chemise Dress,7268890640477,'DRESSES',https://farmrio.com/cdn/shop/files/317857_01.jpg?v=1711414642&width=400,https://farmrio.com/cdn/shop/files/317857_01.jpg?v=1711414642&width=400,FARM Rio,"Rs.81,800.00","Rs.81,800.00"
698,698,Green Monstera Eyelet Short Sleeve Mini Dress,7268857217117,'DRESSES',https://farmrio.com/cdn/shop/products/318412_01_31ad90cf-d2ba-4e00-8d34-33265d03b78b.jpg?v=1707523786&width=400,https://farmrio.com/cdn/shop/products/318412_01_31ad90cf-d2ba-4e00-8d34-33265d03b78b.jpg?v=1707523786&width=400,FARM Rio,"Rs.81,800.00","Rs.81,800.00"
704,704,Pink Beaded Spring Sleeveless Maxi Dress,7268929699933,'DRESSES',https://farmrio.com/cdn/shop/products/317744_01_17cce7df-65f0-40d2-a3b8-cf7523b9556f.jpg?v=1707520027&width=400,https://farmrio.com/cdn/shop/products/317744_01_17cce7df-65f0-40d2-a3b8-cf7523b9556f.jpg?v=1707520027&width=400,FARM Rio,"Rs.76,000.00","Rs.76,000.00"
709,709,Off-White Maxi Richelieu Lenzing™ Ecovero™ Euroflax™ Maxi Dress,7268921540701,'DRESSES',https://farmrio.com/cdn/shop/products/318355_01_1272468d-7eb1-48e9-8345-3056cbe6165f.jpg?v=1707517968&width=400,https://farmrio.com/cdn/shop/products/318355_01_1272468d-7eb1-48e9-8345-3056cbe6165f.jpg?v=1707517968&width=400,FARM Rio,"Rs.93,200.00","Rs.93,200.00"
715,715,Off-White Embroidered Ruffle Midi Dress,7268821401693,'DRESSES',https://farmrio.com/cdn/shop/products/318539_01_487ecf76-d408-4812-9cc8-d34f5bd1cb8e.jpg?v=1707520473&width=400,https://farmrio.com/cdn/shop/products/318539_01_487ecf76-d408-4812-9cc8-d34f5bd1cb8e.jpg?v=1707520473&width=400,FARM Rio,"Rs.93,200.00","Rs.93,200.00"
721,721,White Lace Organic Cotton Mini Dress,7268803477597,'DRESSES',https://farmrio.com/cdn/shop/products/317740_01_4df043ef-ecb9-486d-9fe7-430f52be44ed.jpg?v=1706870721&width=400,https://farmrio.com/cdn/shop/products/317740_01_4df043ef-ecb9-486d-9fe7-430f52be44ed.jpg?v=1706870721&width=400,FARM Rio,"Rs.84,600.00","Rs.84,600.00"
726,726,White Cotton Eyelet Puff Sleeve Midi Dress,7268865146973,'DRESSES',https://farmrio.com/cdn/shop/files/325131_01.jpg?v=1709012422&width=400,https://farmrio.com/cdn/shop/files/325131_01.jpg?v=1709012422&width=400,FARM Rio,"Rs.99,000.00","Rs.99,000.00"
732,732,Pink Seashell Tapestry Mini Dress,7253505507421,'DRESSES',https://farmrio.com/cdn/shop/products/317810_01.jpg?v=1705101810&width=400,https://farmrio.com/cdn/shop/products/317810_01.jpg?v=1705101810&width=400,FARM Rio,"Rs.57,400.00","Rs.57,400.00"
738,738,Pink Seashell Tapestry Midi Dress,7253509963869,'DRESSES',https://farmrio.com/cdn/shop/files/317825_01.jpg?v=1707978913&width=400,https://farmrio.com/cdn/shop/files/317825_01.jpg?v=1707978913&width=400,FARM Rio,"Rs.78,900.00","Rs.78,900.00"
744,744,White Colorful Stripes Euroflax™ Mini Dress,7268827103325,'DRESSES',https://farmrio.com/cdn/shop/products/327751_01_3601ea8f-4eeb-4b31-bd2b-e37376696720.jpg?v=1707519403&width=400,https://farmrio.com/cdn/shop/products/327751_01_3601ea8f-4eeb-4b31-bd2b-e37376696720.jpg?v=1707519403&width=400,FARM Rio,"Rs.71,700.00","Rs.71,700.00"
749,749,Off-White Richelieu Lenzing™ Ecovero™ Euroflax™ Midi Dress,7268895162461,'DRESSES',https://farmrio.com/cdn/shop/products/318362_01_fa0b8797-7a33-4102-a2bb-fbc2784596a7.jpg?v=1707521126&width=400,https://farmrio.com/cdn/shop/products/318362_01_fa0b8797-7a33-4102-a2bb-fbc2784596a7.jpg?v=1707521126&width=400,FARM Rio,"Rs.103,300.00","Rs.103,300.00"
755,755,Off-White Flowerful Birds Maxi Dress,7268811112541,'DRESSES',https://farmrio.com/cdn/shop/products/317862_01_6fb9b211-5db1-4f6b-87df-b890c55c3600.jpg?v=1706870590&width=400,https://farmrio.com/cdn/shop/products/317862_01_6fb9b211-5db1-4f6b-87df-b890c55c3600.jpg?v=1706870590&width=400,FARM Rio,"Rs.73,200.00","Rs.73,200.00"
761,761,Tropical Scenario Sleeveless Maxi Dress,7253507375197,'DRESSES',https://farmrio.com/cdn/shop/products/317662_01.jpg?v=1705108641&width=400,https://farmrio.com/cdn/shop/products/317662_01.jpg?v=1705108641&width=400,FARM Rio,"Rs.70,300.00","Rs.70,300.00"
765,765,Blue Lace Sleeveless Maxi Dress,7268808491101,'DRESSES',https://farmrio.com/cdn/shop/files/327757_01.jpg?v=1708998053&width=400,https://farmrio.com/cdn/shop/files/327757_01.jpg?v=1708998053&width=400,FARM Rio,"Rs.91,800.00","Rs.91,800.00"
771,771,Off-White Flowerful Birds Lenzing™ Ecovero™ Euroflax™ Midi Dress,7268799742045,'DRESSES',https://farmrio.com/cdn/shop/products/317655_01_99395dac-9389-46c7-8a9e-0695832e860c.jpg?v=1706874668&width=400,https://farmrio.com/cdn/shop/products/317655_01_99395dac-9389-46c7-8a9e-0695832e860c.jpg?v=1706874668&width=400,FARM Rio,"Rs.81,800.00","Rs.81,800.00"
777,777,Off-White Delicate Garden Organic Cotton Mini Dress,7268817403997,'DRESSES',https://farmrio.com/cdn/shop/products/317751_01_fd50fa57-68b9-45cb-98e5-9f096af1d005.jpg?v=1706871244&width=400,https://farmrio.com/cdn/shop/products/317751_01_fd50fa57-68b9-45cb-98e5-9f096af1d005.jpg?v=1706871244&width=400,FARM Rio,"Rs.78,900.00","Rs.78,900.00"
783,783,Beige Bright Farm Lenzing™ Ecovero™ Euroflax™ Maxi Dress,7268816322653,'DRESSES',https://farmrio.com/cdn/shop/products/317661_01_547a6515-ba4d-41d2-b1b5-a4cb49ec6fbf.jpg?v=1708990165&width=400,https://farmrio.com/cdn/shop/products/317661_01_547a6515-ba4d-41d2-b1b5-a4cb49ec6fbf.jpg?v=1708990165&width=400,FARM Rio,"Rs.76,000.00","Rs.76,000.00"
789,789,Green Foliage Sketch Sleeveless Maxi Dress,7268921671773,'DRESSES',https://farmrio.com/cdn/shop/files/322678_01.jpg?v=1708998260&width=400,https://farmrio.com/cdn/shop/files/322678_01.jpg?v=1708998260&width=400,FARM Rio,"Rs.76,000.00","Rs.76,000.00"
795,795,Foliage Sketch Green V Neck Maxi Dress,7253435809885,'DRESSES',https://farmrio.com/cdn/shop/files/328947_01.jpg?v=1710305514&width=400,https://farmrio.com/cdn/shop/files/328947_01.jpg?v=1710305514&width=400,FARM Rio,"Rs.67,400.00","Rs.67,400.00"
801,801,Green Foliage Sketch Lenzing™ Ecovero™ Euroflax™ Mini Dress,7268928815197,'DRESSES',https://farmrio.com/cdn/shop/files/317666_01.jpg?v=1708998142&width=400,https://farmrio.com/cdn/shop/files/317666_01.jpg?v=1708998142&width=400,FARM Rio,"Rs.66,000.00","Rs.66,000.00"
807,807,Green Ocean Tapestry Maxi Dress,7253496496221,'DRESSES',https://farmrio.com/cdn/shop/products/317917_01.jpg?v=1705102977&width=400,https://farmrio.com/cdn/shop/products/317917_01.jpg?v=1705102977&width=400,FARM Rio,"Rs.81,800.00","Rs.81,800.00"
813,813,Green Embroidered Trees Organic Cotton Midi Dress,7253502001245,'DRESSES',https://farmrio.com/cdn/shop/files/318540_01.jpg?v=1710514303&width=400,https://farmrio.com/cdn/shop/files/318540_01.jpg?v=1710514303&width=400,FARM Rio,"Rs.99,000.00","Rs.99,000.00"
819,819,Green One Shoulder Lea Mini Dress,7253430206557,'DRESSES',https://farmrio.com/cdn/shop/products/318094_02.jpg?v=1706716788&width=400,https://farmrio.com/cdn/shop/products/318094_02.jpg?v=1706716788&width=400,FARM Rio,"Rs.78,900.00","Rs.78,900.00"
823,823,Forest Soul Short Sleeve Midi Dress,7253448327261,'DRESSES',https://farmrio.com/cdn/shop/products/318066_01.jpg?v=1705104725&width=400,https://farmrio.com/cdn/shop/products/318066_01.jpg?v=1705104725&width=400,FARM Rio,"Rs.90,400.00","Rs.90,400.00"
829,829,Black Palermo Puff Sleeve Mini Dress,7163587461213,'Dresses',https://farmrio.com/cdn/shop/files/314772_01.jpg?v=1702946778&width=400,https://farmrio.com/cdn/shop/files/314772_01.jpg?v=1702946778&width=400,FARM Rio,"Rs.64,600.00","Rs.64,600.00"
832,832,Black Palermo Cut Out  Lenzing™ Ecovero™ Viscose Maxi Dress,7163567931485,'Dresses',https://farmrio.com/cdn/shop/products/314833_05.jpg?v=1703684828&width=400,https://farmrio.com/cdn/shop/products/314833_05.jpg?v=1703684828&width=400,FARM Rio,"Rs.81,800.00","Rs.81,800.00"
838,838,Cool Foliage Black Jersey Midi Dress,7253504524381,'DRESSES',https://farmrio.com/cdn/shop/products/318045_01.jpg?v=1705102879&width=400,https://farmrio.com/cdn/shop/products/318045_01.jpg?v=1705102879&width=400,FARM Rio,"Rs.48,800.00","Rs.48,800.00"
844,844,Cool Foliage Black Sleeveless Maxi Dress,7253501149277,'DRESSES',https://farmrio.com/cdn/shop/files/318085_01_33ce9070-9d1c-411c-9ed4-c0e989f5365e.jpg?v=1707521168&width=400,https://farmrio.com/cdn/shop/files/318085_01_33ce9070-9d1c-411c-9ed4-c0e989f5365e.jpg?v=1707521168&width=400,FARM Rio,"Rs.81,800.00","Rs.81,800.00"
850,850,Brown Fringed Sleeveless Midi Dress,7253493481565,'DRESSES',https://farmrio.com/cdn/shop/files/318089_01.jpg?v=1706872885&width=400,https://farmrio.com/cdn/shop/files/318089_01.jpg?v=1706872885&width=400,FARM Rio,"Rs.91,800.00","Rs.91,800.00"
856,856,Flower Fan Tapestry Off-White Mini Dress,7253513764957,'DRESSES',https://farmrio.com/cdn/shop/products/317806_01.jpg?v=1705109167&width=400,https://farmrio.com/cdn/shop/products/317806_01.jpg?v=1705109167&width=400,FARM Rio,"Rs.66,000.00","Rs.66,000.00"
862,862,Flower Fan Tapestry Off-White Midi Dress,7253511077981,'DRESSES',https://farmrio.com/cdn/shop/files/317801_01_58ab9957-06a1-4aad-835c-23383416a342.jpg?v=1707518005&width=400,https://farmrio.com/cdn/shop/files/317801_01_58ab9957-06a1-4aad-835c-23383416a342.jpg?v=1707518005&width=400,FARM Rio,"Rs.67,400.00","Rs.67,400.00"
868,868,White Natureza Organic Cotton Maxi Dress,7253453471837,'DRESSES',https://farmrio.com/cdn/shop/products/318627_01.jpg?v=1705104907&width=400,https://farmrio.com/cdn/shop/products/318627_01.jpg?v=1705104907&width=400,FARM Rio,"Rs.45,900.00","Rs.45,900.00"
874,874,Bird Leaves Sand One Shoulder Maxi Dress,7253460779101,'DRESSES',https://farmrio.com/cdn/shop/products/317779_02.jpg?v=1706715063&width=400,https://farmrio.com/cdn/shop/products/317779_02.jpg?v=1706715063&width=400,FARM Rio,"Rs.90,400.00","Rs.90,400.00"
877,877,Colorful Stripes Crochet Midi Dress,7268894343261,'DRESSES',https://farmrio.com/cdn/shop/products/322689_01_cbe2949f-f8b3-48eb-a9aa-95c1f79622d9.jpg?v=1707521303&width=400,https://farmrio.com/cdn/shop/products/322689_01_cbe2949f-f8b3-48eb-a9aa-95c1f79622d9.jpg?v=1707521303&width=400,FARM Rio,"Rs.129,100.00","Rs.129,100.00"
882,882,Colorful Salad Knit Dress,7268788895837,'DRESSES',https://farmrio.com/cdn/shop/products/318317_01_77fc1a48-5288-4dbd-b50a-a12ab43391ac.jpg?v=1706872894&width=400,https://farmrio.com/cdn/shop/products/318317_01_77fc1a48-5288-4dbd-b50a-a12ab43391ac.jpg?v=1706872894&width=400,FARM Rio,"Rs.60,300.00","Rs.60,300.00"
888,888,Beige Short Sleeve Mini Dress,7253495971933,'DRESSES',https://farmrio.com/cdn/shop/products/318733_01.jpg?v=1705106734&width=400,https://farmrio.com/cdn/shop/products/318733_01.jpg?v=1705106734&width=400,FARM Rio,"Rs.74,600.00","Rs.74,600.00"
892,892,Off-White Delicate Garden Midi Dress,7268903026781,'DRESSES',https://farmrio.com/cdn/shop/products/318952_01_d530317a-3cc1-449f-ad4c-11e8081e5ecd.jpg?v=1707518874&width=400,https://farmrio.com/cdn/shop/products/318952_01_d530317a-3cc1-449f-ad4c-11e8081e5ecd.jpg?v=1707518874&width=400,FARM Rio,"Rs.70,300.00","Rs.70,300.00"
898,898,Tropical Forest Off-White Fringed Midi Dress,7253498921053,'DRESSES',https://farmrio.com/cdn/shop/files/317652_05.jpg?v=1706870476&width=400,https://farmrio.com/cdn/shop/files/317652_05.jpg?v=1706870476&width=400,FARM Rio,"Rs.90,400.00","Rs.90,400.00"
904,904,The Kiss Multicolor Sleeveless Midi Dress,7253434630237,'DRESSES',https://farmrio.com/cdn/shop/products/318087_01.jpg?v=1705111025&width=400,https://farmrio.com/cdn/shop/products/318087_01.jpg?v=1705111025&width=400,FARM Rio,"Rs.76,000.00","Rs.76,000.00"
910,910,Red Palermo Sleeveless Midi Dress,7163565015133,'Dresses',https://farmrio.com/cdn/shop/products/314633_02.jpg?v=1701213894&width=400,https://farmrio.com/cdn/shop/products/314633_02.jpg?v=1701213894&width=400,FARM Rio,"Rs.76,000.00","Rs.76,000.00"
915,915,Light Pink Heart Detailed Midi Dress,7253506818141,'DRESSES',https://farmrio.com/cdn/shop/files/317738_01.jpg?v=1707520457&width=400,https://farmrio.com/cdn/shop/files/317738_01.jpg?v=1707520457&width=400,FARM Rio,"Rs.78,900.00","Rs.78,900.00"
921,921,Dark Green Guipure Long Sleeve Maxi Dress,7163556724829,'Dresses',https://farmrio.com/cdn/shop/products/319613_01.jpg?v=1697682719&width=400,https://farmrio.com/cdn/shop/products/319613_01.jpg?v=1697682719&width=400,FARM Rio,"Rs.103,300.00","Rs.103,300.00"
927,927,Adidas Farm Psychedelic Wave Red Dress,7268849680477,'DRESSES',https://farmrio.com/cdn/shop/files/IN3745_02.jpg?v=1709333015&width=400,https://farmrio.com/cdn/shop/files/IN3745_02.jpg?v=1709333015&width=400,FARM Rio,"Rs.25,900.00","Rs.25,900.00"
933,933,Adidas Farm Psychedelic Wave Green Dress,7268802887773,'DRESSES',https://farmrio.com/cdn/shop/files/IT7264_02.jpg?v=1709332963&width=400,https://farmrio.com/cdn/shop/files/IT7264_02.jpg?v=1709332963&width=400,FARM Rio,"Rs.25,900.00","Rs.25,900.00"
939,939,Adidas Farm Solar Kaleidoscope Blue Dress,7268822810717,'DRESSES',https://farmrio.com/cdn/shop/files/IQ4506_01.jpg?v=1709332985&width=400,https://farmrio.com/cdn/shop/files/IQ4506_01.jpg?v=1709332985&width=400,FARM Rio,"Rs.15,800.00","Rs.15,800.00"
944,944,Malocas Beige Long Sleeve Midi Dress,7253502787677,'DRESSES',https://farmrio.com/cdn/shop/files/317787_01.jpg?v=1707518192&width=400,https://farmrio.com/cdn/shop/files/317787_01.jpg?v=1707518192&width=400,FARM Rio,"Rs.90,400.00","Rs.90,400.00"
950,950,Brown Shuhu Maxi Dress Sleeveless,7253442199645,'DRESSES',https://farmrio.com/cdn/shop/products/327172_01.jpg?v=1705107500&width=400,https://farmrio.com/cdn/shop/products/327172_01.jpg?v=1705107500&width=400,FARM Rio,"Rs.81,800.00","Rs.81,800.00"
956,956,Tucano Kambo Knit Sweaterdress,7253509013597,'SWEATER',https://farmrio.com/cdn/shop/files/328180_01.jpg?v=1706873560&width=400,https://farmrio.com/cdn/shop/files/328180_01.jpg?v=1706873560&width=400,FARM Rio,"Rs.68,900.00","Rs.68,900.00"
962,962,Black Richelieu Faces Mini Dress,7163579760733,'Dresses',https://farmrio.com/cdn/shop/products/315635_01.jpg?v=1697680962&width=400,https://farmrio.com/cdn/shop/products/315635_01.jpg?v=1697680962&width=400,FARM Rio,"Rs.84,600.00","Rs.84,600.00"
966,966,Black Colorful Together  Long Sleeve Mini Dress,7163560820829,'Dresses',https://farmrio.com/cdn/shop/files/320843_01.jpg?v=1702946787&width=400,https://farmrio.com/cdn/shop/files/320843_01.jpg?v=1702946787&width=400,FARM Rio,"Rs.68,900.00","Rs.68,900.00"
967,967,Black Stitched Flowers V Neck Maxi Dress,7163559772253,'Dresses',https://farmrio.com/cdn/shop/files/314821_01.jpg?v=1698280996&width=400,https://farmrio.com/cdn/shop/files/314821_01.jpg?v=1698280996&width=400,FARM Rio,"Rs.67,400.00","Rs.67,400.00"
973,973,Black Stitched Flowers Lenzing™ Ecovero™ Viscose Midi Dress,7163569504349,'Dresses',https://farmrio.com/cdn/shop/products/314867_01.jpg?v=1697679998&width=400,https://farmrio.com/cdn/shop/products/314867_01.jpg?v=1697679998&width=400,FARM Rio,"Rs.48,800.00","Rs.48,800.00"
979,979,Black Stitched Garden Short Sleeve Maxi Dress,7163572486237,'Dresses',https://farmrio.com/cdn/shop/files/315164_01.jpg?v=1701212961&width=400,https://farmrio.com/cdn/shop/files/315164_01.jpg?v=1701212961&width=400,FARM Rio,"Rs.78,900.00","Rs.78,900.00"
982,982,Black Bucolic Garden Sweater Dress,7163580481629,'Outerwear',https://farmrio.com/cdn/shop/products/323663_01.jpg?v=1697683312&width=400,https://farmrio.com/cdn/shop/products/323663_01.jpg?v=1697683312&width=400,FARM Rio,"Rs.60,300.00","Rs.60,300.00"
988,988,Navy Blue Leopards  High Neck Midi Dress,7163580252253,'Dresses',https://farmrio.com/cdn/shop/products/314644_01.jpg?v=1697680284&width=400,https://farmrio.com/cdn/shop/products/314644_01.jpg?v=1697680284&width=400,FARM Rio,"Rs.64,600.00","Rs.64,600.00"
992,992,Green Lovedaisy Tulle Midi Dress,7163572093021,'Dresses',https://farmrio.com/cdn/shop/products/314864_01.jpg?v=1697679224&width=400,https://farmrio.com/cdn/shop/products/314864_01.jpg?v=1697679224&width=400,FARM Rio,"Rs.60,300.00","Rs.60,300.00"
998,998,Sand Leopard Flowers Cut Out Midi Dress,7163582054493,'Dresses',https://farmrio.com/cdn/shop/products/314632_01.jpg?v=1697682563&width=400,https://farmrio.com/cdn/shop/products/314632_01.jpg?v=1697682563&width=400,FARM Rio,"Rs.84,600.00","Rs.84,600.00"
1004,1004,Light Blue Lace Garden Maxi Dress,7163571863645,'Dresses',https://farmrio.com/cdn/shop/products/315374_01.jpg?v=1697681941&width=400,https://farmrio.com/cdn/shop/products/315374_01.jpg?v=1697681941&width=400,FARM Rio,"Rs.73,200.00","Rs.73,200.00"
1006,1006,Red Pineapple Bloom Cut Out Midi Dress,7163557052509,'Dresses',https://farmrio.com/cdn/shop/products/315368_01.jpg?v=1697681695&width=400,https://farmrio.com/cdn/shop/products/315368_01.jpg?v=1697681695&width=400,FARM Rio,"Rs.78,900.00","Rs.78,900.00"
1012,1012,Red Pineapple Bloom V Neck Mini Dress,7163585232989,'Dresses',https://farmrio.com/cdn/shop/products/315367_01.jpg?v=1697682913&width=400,https://farmrio.com/cdn/shop/products/315367_01.jpg?v=1697682913&width=400,FARM Rio,"Rs.74,600.00","Rs.74,600.00"
1018,1018,Off-White Embroidered Midi Dress,7163579007069,'Dresses',https://farmrio.com/cdn/shop/files/315597_01.jpg?v=1702946610&width=400,https://farmrio.com/cdn/shop/files/315597_01.jpg?v=1702946610&width=400,FARM Rio,"Rs.88,900.00","Rs.88,900.00"
1019,1019,Copabanana Black Chemise Dress,7253447311453,'Dresses',https://farmrio.com/cdn/shop/files/327967_19926_EF_R_C_1.jpg?v=1706198685&width=400,https://farmrio.com/cdn/shop/files/327967_19926_EF_R_C_1.jpg?v=1706198685&width=400,FARM Rio,"Rs.74,600.00","Rs.74,600.00"
1022,1022,The Kiss Embroidered Short Sleeve Maxi Dress,7253439742045,'DRESSES',https://farmrio.com/cdn/shop/products/318671_01.jpg?v=1705101563&width=400,https://farmrio.com/cdn/shop/products/318671_01.jpg?v=1705101563&width=400,FARM Rio,"Rs.99,000.00","Rs.99,000.00"
1028,1028,Light Pink Long Sleeve Smocked Midi Dress,7163576320093,'Dresses',https://farmrio.com/cdn/shop/files/319593_02_9bf10ad5-6f11-415a-b464-f40273dd5278.jpg?v=1706873844&width=400,https://farmrio.com/cdn/shop/files/319593_02_9bf10ad5-6f11-415a-b464-f40273dd5278.jpg?v=1706873844&width=400,FARM Rio,"Rs.84,600.00","Rs.84,600.00"
1031,1031,Watercolor Floral Blue Slip Dress,7253485355101,'DRESSES',https://farmrio.com/cdn/shop/files/331394_01.jpg?v=1706016077&width=400,https://farmrio.com/cdn/shop/files/331394_01.jpg?v=1706016077&width=400,FARM Rio,"Rs.57,400.00","Rs.57,400.00"
1037,1037,Black Psychedelic Garden Tulle Midi Dress,7163578253405,'Dresses',https://farmrio.com/cdn/shop/files/312247_02.jpg?v=1702946776&width=400,https://farmrio.com/cdn/shop/files/312247_02.jpg?v=1702946776&width=400,FARM Rio,"Rs.60,300.00","Rs.60,300.00"
1043,1043,Green Lovedaisy Knit Dress,7163565310045,'Dresses',https://farmrio.com/cdn/shop/files/319552_02.jpg?v=1702946790&width=400,https://farmrio.com/cdn/shop/files/319552_02.jpg?v=1702946790&width=400,FARM Rio,"Rs.76,000.00","Rs.76,000.00"
1045,1045,Orange Ainika Tapestry Slit Maxi Dress,7163578613853,'Dresses',https://farmrio.com/cdn/shop/files/314826_01.jpg?v=1703790213&width=400,https://farmrio.com/cdn/shop/files/314826_01.jpg?v=1703790213&width=400,FARM Rio,"Rs.103,300.00","Rs.103,300.00"
1050,1050,Soft Pink Aura Floral Mini Dress,7163566194781,'Dresses',https://farmrio.com/cdn/shop/products/314786_02.jpg?v=1703918498&width=400,https://farmrio.com/cdn/shop/products/314786_02.jpg?v=1703918498&width=400,FARM Rio,"Rs.57,400.00","Rs.57,400.00"
1056,1056,Black Stitched Flowers Long Sleeve Mini Dress,7163558068317,'Dresses',https://farmrio.com/cdn/shop/products/314796_03.jpg?v=1701213751&width=400,https://farmrio.com/cdn/shop/products/314796_03.jpg?v=1701213751&width=400,FARM Rio,"Rs.67,400.00","Rs.67,400.00"
1062,1062,Teal Ainika Charm Long Sleeve Mini Dress,7163562360925,'Dresses',https://farmrio.com/cdn/shop/files/314795_01.jpg?v=1701227460&width=400,https://farmrio.com/cdn/shop/files/314795_01.jpg?v=1701227460&width=400,FARM Rio,"Rs.71,700.00","Rs.71,700.00"
1067,1067,Striped Heart Knit Dress,7163558789213,'Outerwear',https://farmrio.com/cdn/shop/files/321114_01.jpg?v=1702946491&width=400,https://farmrio.com/cdn/shop/files/321114_01.jpg?v=1702946491&width=400,FARM Rio,"Rs.70,300.00","Rs.70,300.00"
1072,1072,Black Velvet  Short Sleeve Midi Dress,7163583430749,'Dresses',https://farmrio.com/cdn/shop/files/320850_02.jpg?v=1702946581&width=400,https://farmrio.com/cdn/shop/files/320850_02.jpg?v=1702946581&width=400,FARM Rio,"Rs.113,300.00","Rs.113,300.00"
1074,1074,Black Colorful Together Short Sleeve Midi Dress,7163560067165,'Dresses',https://farmrio.com/cdn/shop/files/320842_01.jpg?v=1702946758&width=400,https://farmrio.com/cdn/shop/files/320842_01.jpg?v=1702946758&width=400,FARM Rio,"Rs.71,700.00","Rs.71,700.00"
1076,1076,Orange Marias Floral Cut-Out Midi Dress,7163572420701,'Dresses',https://farmrio.com/cdn/shop/products/314658_01.jpg?v=1697683250&width=400,https://farmrio.com/cdn/shop/products/314658_01.jpg?v=1697683250&width=400,FARM Rio,"Rs.78,900.00","Rs.78,900.00"
1079,1079,Orange Open Back Mini Dress,7163583332445,'Dresses',https://farmrio.com/cdn/shop/products/314690_01.jpg?v=1697680332&width=400,https://farmrio.com/cdn/shop/products/314690_01.jpg?v=1697680332&width=400,FARM Rio,"Rs.57,400.00","Rs.57,400.00"
1083,1083,Brown Dotted Horses Maxi Dress,7163573698653,'Dresses',https://farmrio.com/cdn/shop/files/319527_01.jpg?v=1701227820&width=400,https://farmrio.com/cdn/shop/files/319527_01.jpg?v=1701227820&width=400,FARM Rio,"Rs.90,400.00","Rs.90,400.00"
1089,1089,Blue Ainika Chill Maxi Shirtdress,7163573239901,'Dresses',https://farmrio.com/cdn/shop/files/315360_01.jpg?v=1703790151&width=400,https://farmrio.com/cdn/shop/files/315360_01.jpg?v=1703790151&width=400,FARM Rio,"Rs.81,800.00","Rs.81,800.00"
1093,1093,Multicolor Graphic Bananas Lenzing™ Ecovero™ Viscose Midi Dress,7163563606109,'Dresses',https://farmrio.com/cdn/shop/files/314870_01.jpg?v=1703790128&width=400,https://farmrio.com/cdn/shop/files/314870_01.jpg?v=1703790128&width=400,FARM Rio,"Rs.51,700.00","Rs.51,700.00"
1097,1097,Red Knit Midi Dress,7163560689757,'Outerwear',https://farmrio.com/cdn/shop/files/323951_01.jpg?v=1701213011&width=400,https://farmrio.com/cdn/shop/files/323951_01.jpg?v=1701213011&width=400,FARM Rio,"Rs.64,600.00","Rs.64,600.00"
1103,1103,Black Martina Scarf Long Sleeve Wrap Mini Dress,7163562786909,'Dresses',https://farmrio.com/cdn/shop/files/314777_02.jpg?v=1702946598&width=400,https://farmrio.com/cdn/shop/files/314777_02.jpg?v=1702946598&width=400,FARM Rio,"Rs.66,000.00","Rs.66,000.00"
1105,1105,Blue Forest Mosaic Sleeveless Maxi Dress,7163557150813,'Dresses',https://farmrio.com/cdn/shop/products/315331_01.jpg?v=1697680154&width=400,https://farmrio.com/cdn/shop/products/315331_01.jpg?v=1697680154&width=400,FARM Rio,"Rs.66,000.00","Rs.66,000.00"
1109,1109,Black 70s Vibe Lenzing™ Ecovero™ Viscose Midi Dress,7163582218333,'Dresses',https://farmrio.com/cdn/shop/products/314868_01.jpg?v=1697679258&width=400,https://farmrio.com/cdn/shop/products/314868_01.jpg?v=1697679258&width=400,FARM Rio,"Rs.51,700.00","Rs.51,700.00"
1113,1113,Multicolor Banana Foliage Sleeveless Midi Dress,7163582283869,'Dresses',https://farmrio.com/cdn/shop/files/319571_01.jpg?v=1701213139&width=400,https://farmrio.com/cdn/shop/files/319571_01.jpg?v=1701213139&width=400,FARM Rio,"Rs.67,400.00","Rs.67,400.00"
1119,1119,Multicolor Banana Foliage Short Sleeve Mini Dress,7163570913373,'Dresses',https://farmrio.com/cdn/shop/products/315320_01.jpg?v=1697680321&width=400,https://farmrio.com/cdn/shop/products/315320_01.jpg?v=1697680321&width=400,FARM Rio,"Rs.54,500.00","Rs.54,500.00"
1123,1123,Mixed Heart Ivy Scarf Sleeveless Midi Dress,7163559182429,'Dresses',https://farmrio.com/cdn/shop/products/315317_02.jpg?v=1701213795&width=400,https://farmrio.com/cdn/shop/products/315317_02.jpg?v=1701213795&width=400,FARM Rio,"Rs.74,600.00","Rs.74,600.00"
1129,1129,Red Bow Sleeveless Midi Dress,7163578875997,'Dresses',https://farmrio.com/cdn/shop/files/323943_01.jpg?v=1701213050&width=400,https://farmrio.com/cdn/shop/files/323943_01.jpg?v=1701213050&width=400,FARM Rio,"Rs.63,100.00","Rs.63,100.00"
1135,1135,Red Cut Out Strapless Midi Dress,7163576582237,'Dresses',https://farmrio.com/cdn/shop/files/314629_03.jpg?v=1701213054&width=400,https://farmrio.com/cdn/shop/files/314629_03.jpg?v=1701213054&width=400,FARM Rio,"Rs.71,700.00","Rs.71,700.00"
1138,1138,Pink Bold Floral Long Sleeve Maxi Dress,7163570585693,'Dresses',https://farmrio.com/cdn/shop/products/319508_01.jpg?v=1697680575&width=400,https://farmrio.com/cdn/shop/products/319508_01.jpg?v=1697680575&width=400,FARM Rio,"Rs.66,000.00","Rs.66,000.00"
1140,1140,Red Nature Beauty Scarf Backless Midi Dress,7118770700381,'',https://farmrio.com/cdn/shop/files/311986_02.jpg?v=1695863616&width=400,https://farmrio.com/cdn/shop/files/311986_02.jpg?v=1695863616&width=400,FARM Rio,"Rs.54,200.00","Rs.54,200.00"
1146,1146,Black Flower Season Maxi Wrap Dress,7118773551197,'',https://farmrio.com/cdn/shop/files/312348_01.jpg?v=1695864622&width=400,https://farmrio.com/cdn/shop/files/312348_01.jpg?v=1695864622&width=400,FARM Rio,"Rs.83,900.00","Rs.83,900.00"
1149,1149,Black Flower Season Scarf Mini Wrap Dress,7118768177245,'',https://farmrio.com/cdn/shop/files/312356_02.jpg?v=1695864433&width=400,https://farmrio.com/cdn/shop/files/312356_02.jpg?v=1695864433&width=400,FARM Rio,"Rs.55,100.00","Rs.55,100.00"
1151,1151,Black Classic Garden Long Sleeve Mini Dress,7118765916253,'',https://farmrio.com/cdn/shop/files/312195_01.jpg?v=1695863873&width=400,https://farmrio.com/cdn/shop/files/312195_01.jpg?v=1695863873&width=400,FARM Rio,"Rs.67,100.00","Rs.67,100.00"
1154,1154,Silver Floral Tapestry Maxi Dress,7118777483357,'',https://farmrio.com/cdn/shop/files/315782_01.jpg?v=1695864242&width=400,https://farmrio.com/cdn/shop/files/315782_01.jpg?v=1695864242&width=400,FARM Rio,"Rs.49,500.00","Rs.49,500.00"
1156,1156,Silver Floral Tapestry Mini Dress,7118771945565,'',https://farmrio.com/cdn/shop/files/312206_03.jpg?v=1695863307&width=400,https://farmrio.com/cdn/shop/files/312206_03.jpg?v=1695863307&width=400,FARM Rio,"Rs.50,800.00","Rs.50,800.00"
1159,1159,Green Artsy Leopards Long Sleeve Maxi Dress,7118772076637,'',https://farmrio.com/cdn/shop/files/312220_01.jpg?v=1695864234&width=400,https://farmrio.com/cdn/shop/files/312220_01.jpg?v=1695864234&width=400,FARM Rio,"Rs.56,800.00","Rs.56,800.00"
1161,1161,Green Artsy Leopards Long Sleeve Mini Dress,7118767587421,'',https://farmrio.com/cdn/shop/files/312192_02.jpg?v=1695863705&width=400,https://farmrio.com/cdn/shop/files/312192_02.jpg?v=1695863705&width=400,FARM Rio,"Rs.34,500.00","Rs.34,500.00"
1163,1163,Beige Bananada Button Down Mini Dress,7118774567005,'',https://farmrio.com/cdn/shop/files/312035_01.jpg?v=1695765898&width=400,https://farmrio.com/cdn/shop/files/312035_01.jpg?v=1695765898&width=400,FARM Rio,"Rs.67,100.00","Rs.67,100.00"
1165,1165,Black Bananada Dark Tulle Midi Dress,7118766473309,'',https://farmrio.com/cdn/shop/files/650-312246_01.jpg?v=1695864562&width=400,https://farmrio.com/cdn/shop/files/650-312246_01.jpg?v=1695864562&width=400,FARM Rio,"Rs.48,200.00","Rs.48,200.00"
1167,1167,Black Cut Out Long Sleeve Maxi Dress,7118777450589,'',https://farmrio.com/cdn/shop/files/312046_02.jpg?v=1695864185&width=400,https://farmrio.com/cdn/shop/files/312046_02.jpg?v=1695864185&width=400,FARM Rio,"Rs.60,300.00","Rs.60,300.00"
1170,1170,Black Sweet Mermaids V Neck Maxi Dress,7118769094749,'',https://farmrio.com/cdn/shop/files/311971_03.jpg?v=1695133716&width=400,https://farmrio.com/cdn/shop/files/311971_03.jpg?v=1695133716&width=400,FARM Rio,"Rs.62,300.00","Rs.62,300.00"
1174,1174,Multicolor Bandana Dream Cut Out Maxi Dress,7118774435933,'',https://farmrio.com/cdn/shop/files/312033_01.jpg?v=1695863664&width=400,https://farmrio.com/cdn/shop/files/312033_01.jpg?v=1695863664&width=400,FARM Rio,"Rs.45,600.00","Rs.45,600.00"
1177,1177,Multicolor Bandana Dream Midi Shirtdress,7118764703837,'',https://farmrio.com/cdn/shop/files/312265_01.jpg?v=1695864331&width=400,https://farmrio.com/cdn/shop/files/312265_01.jpg?v=1695864331&width=400,FARM Rio,"Rs.72,300.00","Rs.72,300.00"
1178,1178,Emerald One Shoulder Midi Dress,7118771257437,'',https://farmrio.com/cdn/shop/files/315983_01.jpg?v=1695863449&width=400,https://farmrio.com/cdn/shop/files/315983_01.jpg?v=1695863449&width=400,FARM Rio,"Rs.44,200.00","Rs.44,200.00"
1182,1182,Mixed Leopards Knit Midi Cardigan Dress,7118766178397,'',https://farmrio.com/cdn/shop/products/312575_01.jpg?v=1689621148&width=400,https://farmrio.com/cdn/shop/products/312575_01.jpg?v=1689621148&width=400,FARM Rio,"Rs.63,300.00","Rs.63,300.00"
1184,1184,Blue Nature Beauty Long Sleeve Maxi Dress,7118777516125,'',https://farmrio.com/cdn/shop/files/312221_01.jpg?v=1693373196&width=400,https://farmrio.com/cdn/shop/files/312221_01.jpg?v=1693373196&width=400,FARM Rio,"Rs.56,800.00","Rs.56,800.00"
1187,1187,Blush Floral Yard Fringe Maxi Dress,7118769979485,'',https://farmrio.com/cdn/shop/files/311976_03.jpg?v=1697592396&width=400,https://farmrio.com/cdn/shop/files/311976_03.jpg?v=1697592396&width=400,FARM Rio,"Rs.90,400.00","Rs.90,400.00"
1188,1188,Multicolor Fall Mix Maxi Dress,7118765752413,'',https://farmrio.com/cdn/shop/files/312233_02.jpg?v=1695863848&width=400,https://farmrio.com/cdn/shop/files/312233_02.jpg?v=1695863848&width=400,FARM Rio,"Rs.85,200.00","Rs.85,200.00"
1189,1189,Multicolor Ainika Floral Garden Maxi Dress,7118772502621,'',https://farmrio.com/cdn/shop/files/312030_01.jpg?v=1695864359&width=400,https://farmrio.com/cdn/shop/files/312030_01.jpg?v=1695864359&width=400,FARM Rio,"Rs.73,600.00","Rs.73,600.00"
1191,1191,Mixed Bananada Long Sleeve Maxi Dress,7118774272093,'',https://farmrio.com/cdn/shop/files/311999_03.jpg?v=1695864540&width=400,https://farmrio.com/cdn/shop/files/311999_03.jpg?v=1695864540&width=400,FARM Rio,"Rs.65,400.00","Rs.65,400.00"
1193,1193,Black Banana Dots One Shoulder Midi Dress,7118779088989,'',https://farmrio.com/cdn/shop/products/312028_01.jpg?v=1689621119&width=400,https://farmrio.com/cdn/shop/products/312028_01.jpg?v=1689621119&width=400,FARM Rio,"Rs.49,200.00","Rs.49,200.00"
1197,1197,Black Banana Dots Knit Dress,7118771814493,'',https://farmrio.com/cdn/shop/files/312775_01.jpg?v=1695766039&width=400,https://farmrio.com/cdn/shop/files/312775_01.jpg?v=1695766039&width=400,FARM Rio,"Rs.52,800.00","Rs.52,800.00"
1201,1201,Black Sweet Mermaids One Shoulder Maxi Dress,7118777942109,'',https://farmrio.com/cdn/shop/files/312024_01.jpg?v=1694476148&width=400,https://farmrio.com/cdn/shop/files/312024_01.jpg?v=1694476148&width=400,FARM Rio,"Rs.55,200.00","Rs.55,200.00"
1207,1207,Off-White Braided Midi Sweater Dress,7118770733149,'',https://farmrio.com/cdn/shop/files/312773_01.jpg?v=1697592382&width=400,https://farmrio.com/cdn/shop/files/312773_01.jpg?v=1697592382&width=400,FARM Rio,"Rs.48,100.00","Rs.48,100.00"
1213,1213,Black Braided Midi Sweater Dress,7118770307165,'',https://farmrio.com/cdn/shop/files/312596_03.jpg?v=1697592635&width=400,https://farmrio.com/cdn/shop/files/312596_03.jpg?v=1697592635&width=400,FARM Rio,"Rs.67,300.00","Rs.67,300.00"
1219,1219,Embroidered Corduroy Puff Sleeve Mini Dress,7118769848413,'',https://farmrio.com/cdn/shop/files/312165_07.jpg?v=1695133774&width=400,https://farmrio.com/cdn/shop/files/312165_07.jpg?v=1695133774&width=400,FARM Rio,"Rs.102,000.00","Rs.102,000.00"
1221,1221,Black Giraffes Slit Midi Dress,7118775648349,'',https://farmrio.com/cdn/shop/files/312258_01.jpg?v=1693373490&width=400,https://farmrio.com/cdn/shop/files/312258_01.jpg?v=1693373490&width=400,FARM Rio,"Rs.59,400.00","Rs.59,400.00"
1223,1223,Blue Tropical Gold Long Sleeve Dress,7118770536541,'',https://farmrio.com/cdn/shop/files/312588_02.jpg?v=1697592523&width=400,https://farmrio.com/cdn/shop/files/312588_02.jpg?v=1697592523&width=400,FARM Rio,"Rs.52,800.00","Rs.52,800.00"
1225,1225,Black Toucan Garden Midi Dress,7118769946717,'',https://farmrio.com/cdn/shop/files/312374_01.jpg?v=1693373383&width=400,https://farmrio.com/cdn/shop/files/312374_01.jpg?v=1693373383&width=400,FARM Rio,"Rs.64,600.00","Rs.64,600.00"
1227,1227,Iridescent Leopards Knit Mini Dress,7118775615581,'',https://farmrio.com/cdn/shop/files/312586_02.jpg?v=1693373110&width=400,https://farmrio.com/cdn/shop/files/312586_02.jpg?v=1693373110&width=400,FARM Rio,"Rs.45,900.00","Rs.45,900.00"
1231,1231,Yellow Fruit Dream Long Sleeve Mini Dress,7118773190749,'',https://farmrio.com/cdn/shop/files/312362_01.jpg?v=1693386973&width=400,https://farmrio.com/cdn/shop/files/312362_01.jpg?v=1693386973&width=400,FARM Rio,"Rs.60,800.00","Rs.60,800.00"
1235,1235,Blush Living Bloom High Neck Maxi Dress,7118777843805,'',https://farmrio.com/cdn/shop/files/312032_02.jpg?v=1693373122&width=400,https://farmrio.com/cdn/shop/files/312032_02.jpg?v=1693373122&width=400,FARM Rio,"Rs.60,800.00","Rs.60,800.00"
1236,1236,Pink Croco Short Sleeve Maxi Dress,7118774927453,'',https://farmrio.com/cdn/shop/files/312210_04.jpg?v=1694804504&width=400,https://farmrio.com/cdn/shop/files/312210_04.jpg?v=1694804504&width=400,FARM Rio,"Rs.71,000.00","Rs.71,000.00"
1239,1239,Pink Croco Sweater Dress,7118773780573,'',https://farmrio.com/cdn/shop/products/312589_01.jpg?v=1693373219&width=400,https://farmrio.com/cdn/shop/products/312589_01.jpg?v=1693373219&width=400,FARM Rio,"Rs.45,900.00","Rs.45,900.00"
1243,1243,Pink Croco Lenzing™ Ecovero™ Viscose Slit Midi Dress,7118770503773,'',https://farmrio.com/cdn/shop/products/312268_01.jpg?v=1693373067&width=400,https://farmrio.com/cdn/shop/products/312268_01.jpg?v=1693373067&width=400,FARM Rio,"Rs.54,200.00","Rs.54,200.00"
1245,1245,Pink Long Sleeve Maxi Dress,7118775976029,'',https://farmrio.com/cdn/shop/products/312544_01.jpg?v=1693373294&width=400,https://farmrio.com/cdn/shop/products/312544_01.jpg?v=1693373294&width=400,FARM Rio,"Rs.59,400.00","Rs.59,400.00"
1247,1247,Burgundy Pineapple Inspiration V Neck Maxi Dress,7118766800989,'',https://farmrio.com/cdn/shop/files/311987_03.jpg?v=1693373461&width=400,https://farmrio.com/cdn/shop/files/311987_03.jpg?v=1693373461&width=400,FARM Rio,"Rs.53,200.00","Rs.53,200.00"
1253,1253,Mixed Floral Ruffle Mini Dress,7118770110557,'',https://farmrio.com/cdn/shop/files/311975_04.jpg?v=1694804535&width=400,https://farmrio.com/cdn/shop/files/311975_04.jpg?v=1694804535&width=400,FARM Rio,"Rs.68,400.00","Rs.68,400.00"
1257,1257,Mixed Floral Prints Long Sleeve Maxi Dress,7118766735453,'',https://farmrio.com/cdn/shop/files/312351_01.jpg?v=1693373510&width=400,https://farmrio.com/cdn/shop/files/312351_01.jpg?v=1693373510&width=400,FARM Rio,"Rs.54,200.00","Rs.54,200.00"
1259,1259,Red V Neckline Long Sleeve Midi Dress,7118770831453,'',https://farmrio.com/cdn/shop/files/312003_01.jpg?v=1693387088&width=400,https://farmrio.com/cdn/shop/files/312003_01.jpg?v=1693387088&width=400,FARM Rio,"Rs.55,100.00","Rs.55,100.00"
1265,1265,Red One Shoulder Maxi Dress,7118769553501,'',https://farmrio.com/cdn/shop/files/312540_01.jpg?v=1693386989&width=400,https://farmrio.com/cdn/shop/files/312540_01.jpg?v=1693386989&width=400,FARM Rio,"Rs.59,700.00","Rs.59,700.00"
1269,1269,Off-White Embroidered Horses Ruffle Mini Dress,7118773452893,'',https://farmrio.com/cdn/shop/files/312011_04.jpg?v=1694804955&width=400,https://farmrio.com/cdn/shop/files/312011_04.jpg?v=1694804955&width=400,FARM Rio,"Rs.76,200.00","Rs.76,200.00"
1270,1270,Bright Blue Long Sleeve Midi Dress,7118765555805,'',https://farmrio.com/cdn/shop/files/315988_01.jpg?v=1693373246&width=400,https://farmrio.com/cdn/shop/files/315988_01.jpg?v=1693373246&width=400,FARM Rio,"Rs.41,300.00","Rs.41,300.00"
1275,1275,Bright Blue Backless Ruffle Sleeve Mini Dress,7118765129821,'',https://farmrio.com/cdn/shop/files/312532_01.jpg?v=1693373139&width=400,https://farmrio.com/cdn/shop/files/312532_01.jpg?v=1693373139&width=400,FARM Rio,"Rs.36,200.00","Rs.36,200.00"
1281,1281,Bright Blue Fringes Maxi Dress,7118766145629,'',https://farmrio.com/cdn/shop/files/312541_02.jpg?v=1693373208&width=400,https://farmrio.com/cdn/shop/files/312541_02.jpg?v=1693373208&width=400,FARM Rio,"Rs.85,200.00","Rs.85,200.00"
1283,1283,Black Passion Scarf Mini Wrap Dress,7118764081245,'',https://farmrio.com/cdn/shop/files/312191_01.jpg?v=1693373063&width=400,https://farmrio.com/cdn/shop/files/312191_01.jpg?v=1693373063&width=400,FARM Rio,"Rs.59,400.00","Rs.59,400.00"
1286,1286,Black Passion Scarf Maxi Dress,7118776467549,'',https://farmrio.com/cdn/shop/files/312372_01.jpg?v=1693373303&width=400,https://farmrio.com/cdn/shop/files/312372_01.jpg?v=1693373303&width=400,FARM Rio,"Rs.73,400.00","Rs.73,400.00"
1287,1287,Black Flowers Textured Tiered Midi Dress,7118778466397,'',https://farmrio.com/cdn/shop/files/312536_01.jpg?v=1693358375&width=400,https://farmrio.com/cdn/shop/files/312536_01.jpg?v=1693358375&width=400,FARM Rio,"Rs.90,600.00","Rs.90,600.00"
1289,1289,Black Heart Neckline Knit Dress,7118775582813,'',https://farmrio.com/cdn/shop/files/312585_01.jpg?v=1693373127&width=400,https://farmrio.com/cdn/shop/files/312585_01.jpg?v=1693373127&width=400,FARM Rio,"Rs.39,600.00","Rs.39,600.00"
1294,1294,Off-White Richelieu Midi Dress,6543068561501,'DRESSES',https://farmrio.com/cdn/shop/files/283064_01.jpg?v=1699563807&width=400,https://farmrio.com/cdn/shop/files/283064_01.jpg?v=1699563807&width=400,FARM Rio,"Rs.80,300.00","Rs.80,300.00"
1299,1299,Lobster Sky Mini Dress,6782121017437,'Dresses',https://farmrio.com/cdn/shop/files/303159_01.jpg?v=1699563844&width=400,https://farmrio.com/cdn/shop/files/303159_01.jpg?v=1699563844&width=400,FARM Rio,"Rs.50,200.00","Rs.50,200.00"
1302,1302,Blue Nature Beauty Short Sleeve Maxi Dress,7118767423581,'',https://farmrio.com/cdn/shop/files/312211_01.jpg?v=1691707873&width=400,https://farmrio.com/cdn/shop/files/312211_01.jpg?v=1691707873&width=400,FARM Rio,"Rs.40,900.00","Rs.40,900.00"
1306,1306,Yellow Palms Party Short Sleeve Maxi Dress,7118764114013,'',https://farmrio.com/cdn/shop/files/312213_01.jpg?v=1693386980&width=400,https://farmrio.com/cdn/shop/files/312213_01.jpg?v=1693386980&width=400,FARM Rio,"Rs.44,800.00","Rs.44,800.00"
1307,1307,Color Blocking Sleeveless Maxi Dress,7118771224669,'',https://farmrio.com/cdn/shop/files/316418_01.jpg?v=1692395672&width=400,https://farmrio.com/cdn/shop/files/316418_01.jpg?v=1692395672&width=400,FARM Rio,"Rs.33,700.00","Rs.33,700.00"
1308,1308,Blush Garden Bloom Maxi Dress,7118767456349,'',https://farmrio.com/cdn/shop/files/312002_02.jpg?v=1694804590&width=400,https://farmrio.com/cdn/shop/files/312002_02.jpg?v=1694804590&width=400,FARM Rio,"Rs.44,500.00","Rs.44,500.00"
1310,1310,Beige Ainika Floral Ruffle Mini Dress,7118773911645,'',https://farmrio.com/cdn/shop/files/312616_01.jpg?v=1691707875&width=400,https://farmrio.com/cdn/shop/files/312616_01.jpg?v=1691707875&width=400,FARM Rio,"Rs.37,300.00","Rs.37,300.00"
1312,1312,Beige Ainika Floral V Neck Midi Dress,7118772404317,'',https://farmrio.com/cdn/shop/files/312042_04.jpg?v=1692202060&width=400,https://farmrio.com/cdn/shop/files/312042_04.jpg?v=1692202060&width=400,FARM Rio,"Rs.38,000.00","Rs.38,000.00"
1314,1314,Yellow Sleeveless Maxi Dress With Sun Buckle,7118776991837,'',https://farmrio.com/cdn/shop/files/314753_02.jpg?v=1690842813&width=400,https://farmrio.com/cdn/shop/files/314753_02.jpg?v=1690842813&width=400,FARM Rio,"Rs.50,200.00","Rs.50,200.00"
1315,1315,Lilac Floral Monkey Short Sleeve Maxi Dress,7118777286749,'',https://farmrio.com/cdn/shop/files/316417_01.jpg?v=1690499817&width=400,https://farmrio.com/cdn/shop/files/316417_01.jpg?v=1690499817&width=400,FARM Rio,"Rs.40,900.00","Rs.40,900.00"
1317,1317,Light Pink Star Fruit Midi Dress,7118772764765,'',https://farmrio.com/cdn/shop/files/316415_02.jpg?v=1690500047&width=400,https://farmrio.com/cdn/shop/files/316415_02.jpg?v=1690500047&width=400,FARM Rio,"Rs.38,000.00","Rs.38,000.00"
1318,1318,Light Pink Star Fruit Flower Mini Dress,7118770143325,'',https://farmrio.com/cdn/shop/files/315955_01.jpg?v=1690500294&width=400,https://farmrio.com/cdn/shop/files/315955_01.jpg?v=1690500294&width=400,FARM Rio,"Rs.34,500.00","Rs.34,500.00"
1319,1319,Lilac Short Sleeve Mini Dress,7118768570461,'',https://farmrio.com/cdn/shop/files/316419_01.jpg?v=1690500224&width=400,https://farmrio.com/cdn/shop/files/316419_01.jpg?v=1690500224&width=400,FARM Rio,"Rs.25,100.00","Rs.25,100.00"
1320,1320,Off White Guipure Lace Shirtdress,6696506556509,'Dresses',https://farmrio.com/cdn/shop/files/300717_04.jpg?v=1698890532&width=400,https://farmrio.com/cdn/shop/files/300717_04.jpg?v=1698890532&width=400,FARM Rio,"Rs.70,300.00","Rs.70,300.00"
1321,1321,Dream Sky Dress,7163568848989,'swimwear',https://farmrio.com/cdn/shop/products/315445_01.jpg?v=1697683377&width=400,https://farmrio.com/cdn/shop/products/315445_01.jpg?v=1697683377&width=400,FARM Rio,"Rs.63,100.00","Rs.63,100.00"
1322,1322,Blue Pineapple Garden Maxi Dress,6696508751965,'Dresses',https://farmrio.com/cdn/shop/files/300229_01.jpg?v=1699563692&width=400,https://farmrio.com/cdn/shop/files/300229_01.jpg?v=1699563692&width=400,FARM Rio,"Rs.66,000.00","Rs.66,000.00"
1327,1327,Yellow Fruit Dream Ruffle Mini Dress,6696528642141,'Dresses',https://farmrio.com/cdn/shop/files/300629_01.jpg?v=1699563788&width=400,https://farmrio.com/cdn/shop/files/300629_01.jpg?v=1699563788&width=400,FARM Rio,"Rs.51,700.00","Rs.51,700.00"
1332,1332,Adidas Farm Solar Kaleidoscope Pink Dress,7268790108253,'DRESSES',https://farmrio.com/cdn/shop/files/IQ4507_01.jpg?v=1709333007&width=400,https://farmrio.com/cdn/shop/files/IQ4507_01.jpg?v=1709333007&width=400,FARM Rio,"Rs.15,800.00","Rs.15,800.00"
1337,1337,Banana Pocket Kids Dress,7268908793949,'Baby & Toddler',https://farmrio.com/cdn/shop/products/320861_01_c647354e-754e-443f-b531-29afbdc4a1d8.jpg?v=1707518819&width=400,https://farmrio.com/cdn/shop/products/320861_01_c647354e-754e-443f-b531-29afbdc4a1d8.jpg?v=1707518819&width=400,FARM Rio,"Rs.51,700.00","Rs.51,700.00"
1341,1341,Off-White Stitched Flowers And Girls Midi Dress,7268847485021,'Baby & Toddler',https://farmrio.com/cdn/shop/products/320210_01_32b12520-a506-43db-b6f5-bb1a18ccdb6c.jpg?v=1707521820&width=400,https://farmrio.com/cdn/shop/products/320210_01_32b12520-a506-43db-b6f5-bb1a18ccdb6c.jpg?v=1707521820&width=400,FARM Rio,"Rs.96,100.00","Rs.96,100.00"
1347,1347,Fruit Landscape Kids Dress,7268820058205,'Baby & Toddler',https://farmrio.com/cdn/shop/products/320857_01_a87f7670-488e-4a5c-b0bf-f7f131016659.jpg?v=1707520659&width=400,https://farmrio.com/cdn/shop/products/320857_01_a87f7670-488e-4a5c-b0bf-f7f131016659.jpg?v=1707520659&width=400,FARM Rio,"Rs.44,500.00","Rs.44,500.00"
